/* populate all the lookup table values first
since they are parent tables to several other tables */

INSERT INTO LOOKUP_STATES VALUES
('AL','Alabama'),
('AK','Alaska'),
('AZ','Arizona'),
('AR','Arkansas'),
('CA','California'),
('CO','Colorado'),
('CT','Connecticut'),
('DE','Delaware'),
('DC','District of Columbia'),
('FL','Florida'),
('GA','Georgia'),
('HI','Hawaii'),
('ID','Idaho'),
('IL','Illinois'),
('IN','Indiana'),
('IA','Iowa'),
('KS','Kansas'),
('KY','Kentucky'),
('LA','Louisiana'),
('ME','Maine'),
('MT','Montana'),
('NE','Nebraska'),
('NV','Nevada'),
('NH','New Hampshire'),
('NJ','New Jersey'),
('NM','New Mexico'),
('NY','New York'),
('NC','North Carolina'),
('ND','North Dakota'),
('OH','Ohio'),
('OK','Oklahoma'),
('OR','Oregon'),
('MD','Maryland'),
('MA','Massachusetts'),
('MI','Michigan'),
('MN','Minnesota'),
('MS','Mississippi'),
('MO','Missouri'),
('PA','Pennsylvania'),
('RI','Rhode Island'),
('SC','South Carolina'),
('SD','South Dakota'),
('TN','Tennessee'),
('TX','Texas'),
('UT','Utah'),
('VT','Vermont'),
('VA','Virginia'),
('WA','Washington'),
('WV','West Virginia'),
('WI','Wisconsin'),
('WY','Wyoming');

INSERT INTO LOOKUP_COUNTRIES VALUES
('AF','Afghanistan'),
('AL','Albania'),
('DZ','Algeria'),
('AS','American Samoa'),
('AD','Andorra'),
('AO','Angola'),
('AI','Anguilla'),
('AQ','Antarctica'),
('AG','Antigua and Barbuda'),
('AR','Argentina'),
('AM','Armenia'),
('AW','Aruba'),
('AU','Australia'),
('AT','Austria'),
('AZ','Azerbaijan'),
('BS','Bahamas'),
('BH','Bahrain'),
('BD','Bangladesh'),
('BB','Barbados'),
('BY','Belarus'),
('BE','Belgium'),
('BZ','Belize'),
('BJ','Benin'),
('BM','Bermuda'),
('BT','Bhutan'),
('BO','Bolivia, Plurinational State of'),
('BQ','Bonaire, Sint Eustatius and Saba'),
('BA','Bosnia and Herzegovina'),
('BW','Botswana'),
('BV','Bouvet Island'),
('BR','Brazil'),
('IO','British Indian Ocean Territory'),
('BN','Brunei Darussalam'),
('BG','Bulgaria'),
('BF','Burkina Faso'),
('BI','Burundi'),
('KH','Cambodia'),
('CM','Cameroon'),
('CA','Canada'),
('CV','Cape Verde'),
('KY','Cayman Islands'),
('CF','Central African Republic'),
('TD','Chad'),
('CL','Chile'),
('CN','China'),
('CX','Christmas Island'),
('CC','Cocos Keeling) Islands'),
('CO','Colombia'),
('KM','Comoros'),
('CG','Congo'),
('CD','Congo, the Democratic Republic of the'),
('CK','Cook Islands'),
('CR','Costa Rica'),
('CI','Cote d''Ivoire'),
('HR','Croatia'),
('CU','Cuba'),
('CY','Cyprus'),
('CZ','Czech Republic'),
('DK','Denmark'),
('DJ','Djibouti'),
('DM','Dominica'),
('DO','Dominican Republic'),
('EC','Ecuador'),
('EG','Egypt'),
('SV','El Salvador'),
('GQ','Equatorial Guinea'),
('ER','Eritrea'),
('EE','Estonia'),
('ET','Ethiopia'),
('FK','Falkland Islands Malvinas)'),
('FO','Faroe Islands'),
('FJ','Fiji'),
('FI','Finland'),
('FR','France'),
('GF','French Guiana'),
('PF','French Polynesia'),
('TF','French Southern Territories'),
('GA','Gabon'),
('GM','Gambia'),
('GE','Georgia'),
('DE','Germany'),
('GH','Ghana'),
('GI','Gibraltar'),
('GR','Greece'),
('GL','Greenland'),
('GD','Grenada'),
('GP','Guadeloupe'),
('GU','Guam'),
('GT','Guatemala'),
('GG','Guernsey'),
('GN','Guinea'),
('GW','Guinea-Bissau'),
('GY','Guyana'),
('HT','Haiti'),
('HM','Heard Island and McDonald Islands'),
('VA','Holy See Vatican City State)'),
('HN','Honduras'),
('HK','Hong Kong'),
('HU','Hungary'),
('IS','Iceland'),
('IN','India'),
('ID','Indonesia'),
('IR','Iran, Islamic Republic of'),
('IQ','Iraq'),
('IE','Ireland'),
('IM','Isle of Man'),
('IL','Israel'),
('IT','Italy'),
('JM','Jamaica'),
('JP','Japan'),
('JE','Jersey'),
('JO','Jordan'),
('KZ','Kazakhstan'),
('KE','Kenya'),
('KI','Kiribati'),
('KP','Korea, Democratic People''s Republic of'),
('KR','Korea, Republic of'),
('KW','Kuwait'),
('KG','Kyrgyzstan'),
('LA','Lao People''s Democratic Republic'),
('LV','Latvia'),
('LB','Lebanon'),
('LS','Lesotho'),
('LR','Liberia'),
('LY','Libya'),
('LI','Liechtenstein'),
('LT','Lithuania'),
('LU','Luxembourg'),
('MO','Macao'),
('MK','Macedonia, the Former Yugoslav Republic of'),
('MG','Madagascar'),
('MW','Malawi'),
('MY','Malaysia'),
('MV','Maldives'),
('ML','Mali'),
('MT','Malta'),
('MH','Marshall Islands'),
('MQ','Martinique'),
('MR','Mauritania'),
('MU','Mauritius'),
('YT','Mayotte'),
('MX','Mexico'),
('FM','Micronesia, Federated States of'),
('MD','Moldova, Republic of'),
('MC','Monaco'),
('MN','Mongolia'),
('ME','Montenegro'),
('MS','Montserrat'),
('MA','Morocco'),
('MZ','Mozambique'),
('MM','Myanmar'),
('NA','Namibia'),
('NR','Nauru'),
('NP','Nepal'),
('NL','Netherlands'),
('NC','New Caledonia'),
('NZ','New Zealand'),
('NI','Nicaragua'),
('NE','Niger'),
('NG','Nigeria'),
('NU','Niue'),
('NF','Norfolk Island'),
('MP','Northern Mariana Islands'),
('NO','Norway'),
('OM','Oman'),
('PK','Pakistan'),
('PW','Palau'),
('PS','Palestine, State of'),
('PA','Panama'),
('PG','Papua New Guinea'),
('PY','Paraguay'),
('PE','Peru'),
('PH','Philippines'),
('PN','Pitcairn'),
('PL','Poland'),
('PT','Portugal'),
('PR','Puerto Rico'),
('QA','Qatar'),
('RO','Romania'),
('RU','Russian Federation'),
('RW','Rwanda'),
('SH','Saint Helena, Ascension and Tristan da Cunha'),
('KN','Saint Kitts and Nevis'),
('LC','Saint Lucia'),
('MF','Saint Martin French part)'),
('PM','Saint Pierre and Miquelon'),
('VC','Saint Vincent and the Grenadines'),
('WS','Samoa'),
('SM','San Marino'),
('ST','Sao Tome and Principe'),
('SA','Saudi Arabia'),
('SN','Senegal'),
('RS','Serbia'),
('SC','Seychelles'),
('SL','Sierra Leone'),
('SG','Singapore'),
('SX','Sint Maarten Dutch part)'),
('SK','Slovakia'),
('SI','Slovenia'),
('SB','Solomon Islands'),
('SO','Somalia'),
('ZA','South Africa'),
('GS','South Georgia and the South Sandwich Islands'),
('SS','South Sudan'),
('ES','Spain'),
('LK','Sri Lanka'),
('SD','Sudan'),
('SR','Suriname'),
('SJ','Svalbard and Jan Mayen'),
('SZ','Swaziland'),
('SE','Sweden'),
('CH','Switzerland'),
('SY','Syrian Arab Republic'),
('TW','Taiwan, Province of China'),
('TJ','Tajikistan'),
('TZ','Tanzania, United Republic of'),
('TH','Thailand'),
('TL','Timor-Leste'),
('TG','Togo'),
('TK','Tokelau'),
('TO','Tonga'),
('TT','Trinidad and Tobago'),
('TN','Tunisia'),
('TR','Turkey'),
('TM','Turkmenistan'),
('TC','Turks and Caicos Islands'),
('TV','Tuvalu'),
('UG','Uganda'),
('UA','Ukraine'),
('AE','United Arab Emirates'),
('GB','United Kingdom'),
('US','United States'),
('UM','United States Minor Outlying Islands'),
('UY','Uruguay'),
('UZ','Uzbekistan'),
('VU','Vanuatu'),
('VE','Venezuela, Bolivarian Republic of'),
('VN','Viet Nam'),
('VG','Virgin Islands, British'),
('VI','Virgin Islands, U.S.'),
('WF','Wallis and Futuna'),
('EH','Western Sahara'),
('YE','Yemen'),
('ZM','Zambia'),
('ZW','Zimbabwe');

INSERT INTO TAX_RATES VALUES (NewID(), 'Current tax rate as of 3/15/19', '6');

/* insert the values into the LOOKUP_EMPLOYEE_ROLES table
together with the EMPLOYEES table using variables */

DECLARE @OwnerID uniqueidentifier;
DECLARE @ManagerID uniqueidentifier;
DECLARE @ProcurementID uniqueidentifier;
DECLARE @SalesID uniqueidentifier;

DECLARE @Employee1 uniqueidentifier;
DECLARE @Employee2 uniqueidentifier;
DECLARE @Employee3 uniqueidentifier;
DECLARE @Employee4 uniqueidentifier;
DECLARE @Employee5 uniqueidentifier;
DECLARE @Employee6 uniqueidentifier;
DECLARE @Employee7 uniqueidentifier;
DECLARE @Employee8 uniqueidentifier;

SELECT @Employee1 = NewID();
SELECT @Employee2 = NewID();
SELECT @Employee3 = NewID();
SELECT @Employee4 = NewID();
SELECT @Employee5 = NewID();
SELECT @Employee6 = NewID();
SELECT @Employee7 = NewID();
SELECT @Employee8 = NewID();

SELECT @OwnerID = NewID();
SELECT @ManagerID = NewID();
SELECT @ProcurementID = NewID();
SELECT @SalesID = NewID();

INSERT INTO LOOKUP_EMPLOYEE_ROLES VALUES
(@OwnerID, 'Owner', 1),
(@ManagerID, 'Manager', 1),
(@ProcurementID, 'Procurement', 0),
(@SalesID, 'Sales', 0);

INSERT INTO EMPLOYEES VALUES
(@Employee1, 'Ronald', 'Jacobs', @OwnerID, '2/10/2005', 1, '68853 Bultman Hill', NULL, 'St Paul', 'MN', '55102', '652-332-1405', 'rjacobs@jamesriverjewelry.com', '1/30/18 9:25:32 AM', '2/15/18 1:38:54 PM'),
(@Employee2, 'Deborah', 'Jacobs', @OwnerID, '2/10/2005', 1, '68853 Bultman Hill', NULL, 'St Paul', 'MN', '55102', '652-332-1507', 'djacobs@jamesriverjewelry.com', '1/30/18 9:25:33 AM', '4/22/18 2:15:54 PM'),
(@Employee3, 'Martin', 'Jacobs', @ManagerID, '2/14/2005', 1, '444 Elka Center', NULL, 'St Paul', 'MN', '55102', '652-342-5039', 'mjacobs@jamesriverjewelry.com', '1/30/18 9:25:34 AM', '1/30/18 9:25:34 AM'),
(@Employee4, 'Thompson', 'Scott', @ManagerID, '2/14/2005', 1, '2 Sutteridge Road', 'Apt 205B', 'St Paul', 'MN', '55103', '652-209-3921', 'sthompson@jamesriverjewelry.com', '1/30/18 9:25:35 AM', '1/30/18 9:25:35 AM'),
(@Employee5, 'Schuster', 'Terry', @ProcurementID, '2/20/2005', 0, '9125 Shelley Road', NULL, 'St Paul', 'MN', '55103', '652-845-0923', 'tschuster@jamesriverjewelry.com', '1/30/18 9:25:36 AM', '1/30/18 9:25:36 AM'),
(@Employee6, 'Evans', 'Michael', @SalesID, '2/24/2005', 0, '9125 Shelley Road', NULL, 'St Paul', 'MN', '55103', '652-845-0923', 'mevans@jamesriverjewelry.com', '1/30/18 9:25:37 AM', '1/30/18 9:25:37 AM'),
(@Employee7, 'Banks', 'Holly', @SalesID, '5/12/2007', 0, '19460 Waywood Road', NULL, 'St Paul', 'MN', '55103', '652-845-0923', 'hbanks@jamesriverjewelry.com', '1/30/18 9:25:38 AM', '3/19/18 2:18:48 PM'),
(@Employee8, 'Vickers', 'Martha', @SalesID, '8/11/2010', 0, '6157 Norway Maple Alley', NULL, 'St Paul', 'MN', '55103', '652-530-3294', 'mvickers@jamesriverjewelry.com', '1/30/18 9:25:39 AM', '1/30/18 9:25:39 AM' );

DECLARE @Manufacturer1 uniqueidentifier;
DECLARE @Manufacturer2 uniqueidentifier;
DECLARE @Manufacturer3 uniqueidentifier;
DECLARE @Manufacturer4 uniqueidentifier;
DECLARE @Manufacturer5 uniqueidentifier;
DECLARE @Manufacturer6 uniqueidentifier;
DECLARE @Manufacturer7 uniqueidentifier;
DECLARE @Manufacturer8 uniqueidentifier;
DECLARE @Manufacturer9 uniqueidentifier;
DECLARE @Manufacturer10 uniqueidentifier;
DECLARE @Manufacturer11 uniqueidentifier;
DECLARE @Manufacturer12 uniqueidentifier;
DECLARE @Manufacturer13 uniqueidentifier;
DECLARE @Manufacturer14 uniqueidentifier;
DECLARE @Manufacturer15 uniqueidentifier;

SELECT @Manufacturer1 = NewID();
SELECT @Manufacturer2 = NewID();
SELECT @Manufacturer3 = NewID();
SELECT @Manufacturer4 = NewID();
SELECT @Manufacturer5 = NewID();
SELECT @Manufacturer6 = NewID();
SELECT @Manufacturer7 = NewID();
SELECT @Manufacturer8 = NewID();
SELECT @Manufacturer9 = NewID();
SELECT @Manufacturer10 = NewID();
SELECT @Manufacturer11 = NewID();
SELECT @Manufacturer12 = NewID();
SELECT @Manufacturer13 = NewID();
SELECT @Manufacturer14 = NewID();
SELECT @Manufacturer15 = NewID();

INSERT INTO MANUFACTURERS VALUES
(@Manufacturer1, 'Kerluke-Funk', '7 Esker Point', NULL, 'Spring', 'TX', '77388', '832-661-6162', 'bmullaly0@infoseek.co.jp', NULL, '5/23/2018 9:25:39 AM', '11/5/2018 9:25:39 AM'),
(@Manufacturer2, 'Swift, Franecki and Moen', '45 Oak Valley Lane', NULL, 'Los Angeles', 'CA', '90045', '562-165-1785', 'esterte1@irs.gov', 'Ericka Sterte', '4/2/2010 9:25:39 AM', '4/26/2018 9:25:39 AM'),
(@Manufacturer3, 'Larson Inc', '97710 Lakewood Avenue', NULL, 'Fargo', 'ND', '58106', '701-626-7877', 'hnewtown2@wp.com', NULL, '9/28/2015 9:25:39 AM', '1/17/2019 9:25:39 AM'),
(@Manufacturer4, 'Boyle-Howe', '95 Lien Alley', NULL, 'Milwaukee', 'WI', '53285', '414-646-3278', 'tweinmann3@theglobeandmail.com', 'Trent Weinmann', '1/20/2011 9:25:39 AM', '11/9/2018 9:25:39 AM'),
(@Manufacturer5, 'Hessel LLC', '5653 Butternut Court', NULL, 'San Antonio', 'TX', '78230', '210-825-1092', 'sswale4@flavors.me', NULL, '5/16/2014 9:25:39 AM', '10/16/2013 9:25:39 AM'),
(@Manufacturer6, 'Hagenes-Brakus', '50768 Farwell Circle', NULL, 'Denver', 'CO', '80291', '303-853-0981', 'bbagger5@altervista.org', 'Brent Bagger', '5/16/2012 9:25:39 AM', '1/19/2017 9:25:39 AM'),
(@Manufacturer7, 'Barrows Group', '61 Moland Terrace', 'Suite 200', 'Houston', 'TX', '77030', '832-383-3001', 'alappin6@yellowpages.com', NULL, '2/6/2018 9:25:39 AM', '5/22/2018 9:25:39 AM'),
(@Manufacturer8, 'MacGyver LLC', '26 Russell Alley', NULL, 'Amarillo', 'TX', '79105', '806-589-3642', 'lmcelrath7@livejournal.com', 'Lutero McElrath', '10/22/2011 9:25:39 AM', '12/21/2017 9:25:39 AM'),
(@Manufacturer9, 'Lehner, Williamson and Bradtke', '874 Fallview Center', NULL, 'San Diego', 'CA', '92165', '619-811-5073', 'acolt8@flavors.me', 'Ash Colt', '10/22/2011 9:25:39 AM', '9/19/2017 9:25:39 AM'),
(@Manufacturer10, 'D''Amore and Sons', '3665 Mayer Alley', NULL, 'Atlanta', 'GA', '30356', '404-712-7982', 'kmcgragh9@digg.com', 'Kennith McGragh', '12/18/2014 9:25:39 AM', '1/23/2017 9:25:39 AM'),
(@Manufacturer11, 'Connelly-Cartwright', '2 Pierstorff Park', NULL, 'Charleston', 'WV', '25336', '304-617-1191', 'lhowortha@harvard.edu', 'Lisha Howorth', '1/31/2010 9:25:39 AM', '4/1/2012 9:25:39 AM'),
(@Manufacturer12, 'Crooks, Renner and Gleichner', '86 Springview Alley', NULL, 'Harrisburg', 'PA', '17140', '717-364-5422', 'dloitertonb@bandcamp.com', NULL, '3/31/2013', '12/16/2015 9:25:39 AM'),
(@Manufacturer13, 'Schoen-Haley', '24 Lerdahl Junction', NULL, 'Trenton', 'NJ', '08608', '609-912-6602', 'ogarrochc@symantec.com', 'Olly Garroch', '2/25/2016 9:25:39 AM', '10/25/2017 9:25:39 AM'),
(@Manufacturer14, 'Stark, Reinger and Rohan', '682 Merry Plaza', NULL, 'Washington', 'DC', '20205', '202-871-7851', 'hpraundld@hatena.ne.jp', 'Humfrey Praundl', '3/25/2017 9:25:39 AM', '6/27/2018 9:25:39 AM'),
(@Manufacturer15, 'Huel-Aufderhar', '333 Ridge Oak Center', NULL, 'Boston', 'MA', '02216', '617-789-2407', 'dlinkee@archive.org', 'Dione Linke', '3/28/2012 9:25:39 AM', '10/29/2014 9:25:39 AM');

DECLARE @ProductType1 uniqueidentifier;
DECLARE @ProductType2 uniqueidentifier;
DECLARE @ProductType3 uniqueidentifier;
DECLARE @ProductType4 uniqueidentifier;
DECLARE @ProductType5 uniqueidentifier;
DECLARE @ProductType6 uniqueidentifier;
DECLARE @ProductType7 uniqueidentifier;
DECLARE @ProductType8 uniqueidentifier;
DECLARE @ProductType9 uniqueidentifier;
DECLARE @ProductType10 uniqueidentifier;
DECLARE @ProductType11 uniqueidentifier;
DECLARE @ProductType12 uniqueidentifier;
DECLARE @ProductType13 uniqueidentifier;
DECLARE @ProductType14 uniqueidentifier;
DECLARE @ProductType15 uniqueidentifier;
DECLARE @ProductType16 uniqueidentifier;
DECLARE @ProductType17 uniqueidentifier;
DECLARE @ProductType18 uniqueidentifier;
DECLARE @ProductType19 uniqueidentifier;
DECLARE @ProductType20 uniqueidentifier;

SELECT @ProductType1 = NewID();
SELECT @ProductType2 = NewID();
SELECT @ProductType3 = NewID();
SELECT @ProductType4 = NewID();
SELECT @ProductType5 = NewID();
SELECT @ProductType6 = NewID();
SELECT @ProductType7 = NewID();
SELECT @ProductType8 = NewID();
SELECT @ProductType9 = NewID();
SELECT @ProductType10 = NewID();
SELECT @ProductType11 = NewID();
SELECT @ProductType12 = NewID();
SELECT @ProductType13 = NewID();
SELECT @ProductType14 = NewID();
SELECT @ProductType15 = NewID();
SELECT @ProductType16 = NewID();
SELECT @ProductType17 = NewID();
SELECT @ProductType18 = NewID();
SELECT @ProductType19 = NewID();
SELECT @ProductType20 = NewID();

INSERT INTO PRODUCT_TYPES VALUES
(@ProductType1, 'Gold Necklace'),
(@ProductType2, 'Mens Watch'),
(@ProductType3, 'Gold Ring'),
(@ProductType4, 'Gold Earrings'),
(@ProductType5, 'Gold Bracelet'),
(@ProductType6, 'Gold Cuff Links'),
(@ProductType7, 'Gold Brooch'),
(@ProductType8, 'Gold Crown'),
(@ProductType9, 'Gold Special Order'),
(@ProductType10, 'Silver Necklace'),
(@ProductType11, 'Womens Watch'),
(@ProductType12, 'Silver Ring'),
(@ProductType13, 'Silver Earrings'),
(@ProductType14, 'Silver Bracelet'),
(@ProductType15, 'Silver Cuff Links'),
(@ProductType16, 'Silver Brooch'),
(@ProductType17, 'Silver Crown'),
(@ProductType18, 'Silver Special Order'),
(@ProductType19, 'Pendants'),
(@ProductType20, 'Anklets');

DECLARE @Customer1 uniqueidentifier;
DECLARE @Customer2 uniqueidentifier;
DECLARE @Customer3 uniqueidentifier;
DECLARE @Customer4 uniqueidentifier;
DECLARE @Customer5 uniqueidentifier;
DECLARE @Customer6 uniqueidentifier;
DECLARE @Customer7 uniqueidentifier;
DECLARE @Customer8 uniqueidentifier;
DECLARE @Customer9 uniqueidentifier;
DECLARE @Customer10 uniqueidentifier;

SELECT @Customer1 = NewID();
SELECT @Customer2 = NewID();
SELECT @Customer3 = NewID();
SELECT @Customer4 = NewID();
SELECT @Customer5 = NewID();
SELECT @Customer6 = NewID();
SELECT @Customer7 = NewID();
SELECT @Customer8 = NewID();
SELECT @Customer9 = NewID();
SELECT @Customer10 = NewID();

INSERT INTO CUSTOMERS VALUES
(@Customer1, 'Cari', 'Dunsford', '4951 Moland Pass', null, 'Loretto', 'MN', '55598', '763-979-1427', 'cdunsford0@amazon.de', 1, 'f', '1970-11-01', '2010-11-03 23:06:17', '2015-03-02 10:05:27'),
(@Customer2, 'Hector', 'Pether', '8 Golf Course Junction', null, 'Saint Paul', 'MN', '55108', '651-796-7807', 'hpether1@pbs.org', 1, 'm', '1974-12-01', '2013-09-10 00:52:43', '2016-09-29 06:23:48'),
(@Customer3, 'Jacklyn', 'Wolfer', '461 Schurz Drive', 'Apt 102C', 'Minneapolis', 'MN', '55480', '612-630-3593', 'jwolfer2@free.fr', 0, 'f', '1960-02-01', '2005-09-13 19:55:21', '2012-08-14 06:46:30'),
(@Customer4, 'Leigha', 'Henaughan', '9 Del Sol Point', null, 'Monticello', 'MN', '55565', '763-110-6767', 'lhenaughan3@cisco.com', 1, 'f', '1960-02-01', '2010-11-25 11:55:43', '2012-07-08 05:12:02'),
(@Customer5, 'Caril', 'Downage', '5 Talmadge Junction', null, 'Minneapolis', 'MN', '55487', '612-958-2901', 'cdownage4@technorati.com', 0, 'f', '1960-02-01', '2011-07-07 18:18:47', '2016-12-28 15:03:38'),
(@Customer6, 'Phip', 'Quail', '835 Bultman Avenue', null, 'Saint Paul', 'MN', '55127', '612-590-2303', 'pquail5@toplist.cz', 0, 'm', '1955-02-10', '2016-02-12 02:53:50', '2018-11-11 01:09:15'),
(@Customer7, 'Mildrid', 'Wilden', '7 Grim Way', null, 'Saint Paul', 'MN', '55146', '651-607-1019', 'mwilden6@typepad.com', 1, 'f', '1945-02-01', '2014-10-30 04:28:07', '2015-08-20 09:49:57'),
(@Customer8, 'Modestine', 'Burress', '9910 Division Avenue', null, 'Saint Paul', 'MN', '55127', '651-934-3925', 'mburress7@alexa.com', 0, 'f', '1950-02-01', '2016-01-13 18:39:13', '2018-09-12 16:25:39'),
(@Customer9, 'Helge', 'Sirrell', '86 Katie Pass', null, 'Minneapolis', 'MN', '55480', '612-303-7303', 'hsirrell8@sourceforge.net', 0, 'f', '1966-02-01', '2016-09-09 12:00:45', '2017-06-21 13:57:32'),
(@Customer10, 'Irwinn', 'Spurrier', '607 Atwood Place', null, 'Minneapolis', 'MN', '55448', '763-538-3139', 'ispurrier9@php.net', 0, 'm', '1951-02-01', '2013-02-01 19:57:58', '2015-05-02 23:59:24');

INSERT INTO ACTIVE_REWARDS VALUES
(NEWID(), @Customer1, '11/15/2018', 200, '5/15/2018'),
(NEWID(), @Customer1, '1/19/2018', 300, '7/19/2018'),
(NEWID(), @Customer2, '10/14/2018', 500, '5/14/2018'),
(NEWID(), @Customer4, '9/22/2018', 1300, '3/22/2018'),
(NEWID(), @Customer7, '9/17/2018', 1000, '3/17/2018'),
(NEWID(), @Customer7, '2/14/2018', 600, '8/14/2018');

INSERT INTO HISTORIC_REWARDS VALUES
(NEWID(), @Customer1, '11/15/2010', 250, '1/25/2011', 0),
(NEWID(), @Customer1, '1/15/2011', 1250, '2/15/2012', 1),
(NEWID(), @Customer1, '5/15/2012', 2250, '1/15/2013', 0),
(NEWID(), @Customer1, '11/15/2013', 450, '4/20/2014', 1),
(NEWID(), @Customer2, '11/15/2012', 550, '1/15/2013', 0),
(NEWID(), @Customer2, '5/15/2014', 600, '11/15/2014', 1),
(NEWID(), @Customer2, '2/15/2015', 750, '3/15/2015', 1),
(NEWID(), @Customer4, '3/15/2017', 800, '9/15/2017', 1),
(NEWID(), @Customer4, '10/15/2013', 400, '2/15/2014', 1),
(NEWID(), @Customer4, '8/15/2014', 550, '11/15/2014', 1),
(NEWID(), @Customer7, '10/15/2015', 650, '11/15/2015', 0),
(NEWID(), @Customer7, '6/15/2016', 850, '11/15/2016', 1),
(NEWID(), @Customer7, '4/15/2017', 550, '9/15/2017', 0),
(NEWID(), @Customer7, '3/15/2017', 350, '7/15/2017', 1),
(NEWID(), @Customer7, '2/15/2018', 850, '11/15/2018', 0);

INSERT INTO CUSTOMER_PREFERENCES VALUES
(@Customer1, @ProductType2, 10, 1, 1),
(@Customer2, @ProductType6, 2, 0, 1),
(@Customer2, @ProductType4, 1, 0, 1),
(@Customer3, @ProductType8, 5, 0, 1),
(@Customer4, @ProductType20, 6, 1, 0),
(@Customer4, @ProductType11, 10, 1, 1),
(@Customer4, @ProductType18, 7, 0, 1),
(@Customer5, @ProductType12, 8, 1, 1),
(@Customer5, @ProductType2, 2, 1, 0),
(@Customer6, @ProductType3, 5, 1, 0),
(@Customer7, @ProductType4, 8, 1, 1),
(@Customer8, @ProductType6, 10, 1, 0),
(@Customer9, @ProductType5, 10, 0, 1),
(@Customer9, @ProductType1, 3, 1, 0),
(@Customer10, @ProductType11, 5, 1, 0),
(@Customer10, @ProductType12, 8, 1, 0);
GO
